10000,Arts and Entertainment,,,,
10001,Arts and Entertainment > Amusement Park,,,,
10002,Arts and Entertainment > Aquarium,,,,
10003,Arts and Entertainment > Arcade,,,,
10004,Arts and Entertainment > Art Gallery,,,,
10005,Arts and Entertainment > Bingo Center,,,,
10006,Arts and Entertainment > Bowling Alley,,,,
10007,Arts and Entertainment > Carnival,,,,
10008,Arts and Entertainment > Casino,,,,
10009,Arts and Entertainment > Circus,,,,
10010,Arts and Entertainment > Comedy Club,,,,
10011,Arts and Entertainment > Country Club,,,,
10012,Arts and Entertainment > Country Dance Club,,,,
10013,Arts and Entertainment > Dance Hall,,,,
10014,Arts and Entertainment > Disc Golf Course,,,,
10015,Arts and Entertainment > Escape Room,,,,
10016,Arts and Entertainment > Exhibit,,,,
10017,Arts and Entertainment > Fair,,,,
10018,Arts and Entertainment > Gaming Cafe,,,,
10019,Arts and Entertainment > Go Kart Track,,,,
10020,Arts and Entertainment > Internet Cafe,,,,
10021,Arts and Entertainment > Karaoke Box,,,,
10022,Arts and Entertainment > Laser Tag Center,,,,
10023,Arts and Entertainment > Mini Golf Course,,,,
10024,Arts and Entertainment > Movie Theater,,,,
10025,Arts and Entertainment > Movie Theater > Drive-in Theater,,,,
10026,Arts and Entertainment > Movie Theater > Indie Movie Theater,,,,
10027,Arts and Entertainment > Museum,,,,
10028,Arts and Entertainment > Museum > Art Museum,,,,
10029,Arts and Entertainment > Museum > Erotic Museum,,,,
10030,Arts and Entertainment > Museum > History Museum,,,,
10031,Arts and Entertainment > Museum > Science Museum,,,,
10032,Arts and Entertainment > Night Club,,,,
10033,Arts and Entertainment > Pachinko Parlor,,,,
10034,Arts and Entertainment > Party Center,,,,
10035,Arts and Entertainment > Performing Arts Venue,,,,
10036,Arts and Entertainment > Performing Arts Venue > Amphitheater,,,,
10037,Arts and Entertainment > Performing Arts Venue > Concert Hall,,,,
10038,Arts and Entertainment > Performing Arts Venue > Indie Theater,,,,
10039,Arts and Entertainment > Performing Arts Venue > Music Venue,,,,
10040,Arts and Entertainment > Performing Arts Venue > Music Venue > Jazz and Blues Venue,,,,
10041,Arts and Entertainment > Performing Arts Venue > Music Venue > Rock Club,,,,
10042,Arts and Entertainment > Performing Arts Venue > Opera House,,,,
10043,Arts and Entertainment > Performing Arts Venue > Theater,,,,
10044,Arts and Entertainment > Planetarium,,,,
10045,Arts and Entertainment > Pool Hall,,,,
10046,Arts and Entertainment > Psychics and Astrologers,,,,
10047,Arts and Entertainment > Public Art,,,,
10048,Arts and Entertainment > Roller Rink,,,,
10049,Arts and Entertainment > Salsa Club,,,,
10050,Arts and Entertainment > Samba School,,,,
10051,Arts and Entertainment > Stadium,,,,
10052,Arts and Entertainment > Strip Club,,,,
10053,Arts and Entertainment > Ticket Seller,,,,
10054,Arts and Entertainment > VR Cafe,,,,
10055,Arts and Entertainment > Water Park,,,,
10056,Arts and Entertainment > Zoo,,,,
13000,Dining and Drinking,,,,
13001,Dining and Drinking > Bagel Shop,,,,
13002,Dining and Drinking > Bakery,,,,
13003,Dining and Drinking > Bar,,,,
13004,Dining and Drinking > Bar > Apres Ski Bar,,,,
13005,Dining and Drinking > Bar > Beach Bar,,,,
13006,Dining and Drinking > Bar > Beer Bar,,,,
13007,Dining and Drinking > Bar > Beer Garden,,,,
13008,Dining and Drinking > Bar > Champagne Bar,,,,
13009,Dining and Drinking > Bar > Cocktail Bar,,,,
13010,Dining and Drinking > Bar > Dive Bar,,,,
13011,Dining and Drinking > Bar > Gay Bar,,,,
13012,Dining and Drinking > Bar > Hookah Bar,,,,
13013,Dining and Drinking > Bar > Hotel Bar,,,,
13014,Dining and Drinking > Bar > Ice Bar,,,,
13015,Dining and Drinking > Bar > Karaoke Bar,,,,
13016,Dining and Drinking > Bar > Lounge,,,,
13017,Dining and Drinking > Bar > Piano Bar,,,,
13018,Dining and Drinking > Bar > Pub,,,,
13019,Dining and Drinking > Bar > Rooftop Bar,,,,
13020,Dining and Drinking > Bar > Sake Bar,,,,
13021,Dining and Drinking > Bar > Speakeasy,,,,
13022,Dining and Drinking > Bar > Sports Bar,,,,
13023,Dining and Drinking > Bar > Tiki Bar,,,,
13024,Dining and Drinking > Bar > Whisky Bar,,,,
13025,Dining and Drinking > Bar > Wine Bar,,,,
13028,Dining and Drinking > Breakfast Spot,,,,
13029,Dining and Drinking > Brewery,,,,
13032,Dining and Drinking > Cafes, Coffee and Tea Houses,,,,
13033,Dining and Drinking > Cafes, Coffee and Tea Houses > Bubble Tea Shop,,,,
13034,Dining and Drinking > Cafes, Coffee and Tea Houses > Cafe,,,,
13035,Dining and Drinking > Cafes, Coffee and Tea Houses > Coffee Shop,,,,
13063,Dining and Drinking > Cafes, Coffee and Tea Houses > Pet Cafe,,,,
13036,Dining and Drinking > Cafes, Coffee and Tea Houses > Tea Room,,,,
13037,Dining and Drinking > Cafeteria,,,,
13038,Dining and Drinking > Cidery,,,,
13040,Dining and Drinking > Dessert Shop,,,,
13041,Dining and Drinking > Dessert Shop > Creperie,,,,
13042,Dining and Drinking > Dessert Shop > Cupcake Shop,,,,
13043,Dining and Drinking > Dessert Shop > Donut Shop,,,,
13044,Dining and Drinking > Dessert Shop > Frozen Yogurt Shop,,,,
13045,Dining and Drinking > Dessert Shop > Gelato Shop,,,,
13046,Dining and Drinking > Dessert Shop > Ice Cream Parlor,,,,
13047,Dining and Drinking > Dessert Shop > Pastry Shop,,,,
13048,Dining and Drinking > Dessert Shop > Pie Shop,,,,
13050,Dining and Drinking > Distillery,,,,
13052,Dining and Drinking > Food Court,,,,
13053,Dining and Drinking > Food Stand,,,,
13054,Dining and Drinking > Food Truck,,,,
13059,Dining and Drinking > Juice Bar,,,,
13061,Dining and Drinking > Meadery,,,,
13062,Dining and Drinking > Night Market,,,,
13065,Dining and Drinking > Restaurant,,,,
13066,Dining and Drinking > Restaurant > Afghan Restaurant,,,,
13067,Dining and Drinking > Restaurant > African Restaurant,,,,
13068,Dining and Drinking > Restaurant > American Restaurant,,,,
13069,Dining and Drinking > Restaurant > Arepa Restaurant,,,,
13070,Dining and Drinking > Restaurant > Argentinian Restaurant,,,,
13071,Dining and Drinking > Restaurant > Armenian Restaurant,,,,
13072,Dining and Drinking > Restaurant > Asian Restaurant,,,,
13073,Dining and Drinking > Restaurant > Australian Restaurant,,,,
13074,Dining and Drinking > Restaurant > Austrian Restaurant,,,,
13075,Dining and Drinking > Restaurant > Bangladeshi Restaurant,,,,
13026,Dining and Drinking > Restaurant > BBQ Joint,,,,
13076,Dining and Drinking > Restaurant > Belarusian Restaurant,,,,
13077,Dining and Drinking > Restaurant > Belgian Restaurant,,,,
13027,Dining and Drinking > Restaurant > Bistro,,,,
13078,Dining and Drinking > Restaurant > Bosnian Restaurant,,,,
13079,Dining and Drinking > Restaurant > Brazilian Restaurant,,,,
13080,Dining and Drinking > Restaurant > Brazilian Restaurant > Acai House,,,,
13081,Dining and Drinking > Restaurant > Brazilian Restaurant > Baiano Restaurant,,,,
13082,Dining and Drinking > Restaurant > Brazilian Restaurant > Central Brazilian Restaurant,,,,
13083,Dining and Drinking > Restaurant > Brazilian Restaurant > Churrascaria,,,,
13084,Dining and Drinking > Restaurant > Brazilian Restaurant > Empada House,,,,
13085,Dining and Drinking > Restaurant > Brazilian Restaurant > Goiano Restaurant,,,,
13086,Dining and Drinking > Restaurant > Brazilian Restaurant > Mineiro Restaurant,,,,
13087,Dining and Drinking > Restaurant > Brazilian Restaurant > Northeastern Brazilian Restaurant,,,,
13088,Dining and Drinking > Restaurant > Brazilian Restaurant > Northern Brazilian Restaurant,,,,
13089,Dining and Drinking > Restaurant > Brazilian Restaurant > Pastelaria,,,,
13090,Dining and Drinking > Restaurant > Brazilian Restaurant > Southeastern Brazilian Restaurant,,,,
13091,Dining and Drinking > Restaurant > Brazilian Restaurant > Southern Brazilian Restaurant,,,,
13092,Dining and Drinking > Restaurant > Brazilian Restaurant > Tapiocaria,,,,
13030,Dining and Drinking > Restaurant > Buffet,,,,
13093,Dining and Drinking > Restaurant > Bulgarian Restaurant,,,,
13031,Dining and Drinking > Restaurant > Burger Joint,,,,
13094,Dining and Drinking > Restaurant > Burmese Restaurant,,,,
13095,Dining and Drinking > Restaurant > Cajun / Creole Restaurant,,,,
13096,Dining and Drinking > Restaurant > Cambodian Restaurant,,,,
13097,Dining and Drinking > Restaurant > Caribbean Restaurant,,,,
13098,Dining and Drinking > Restaurant > Caucasian Restaurant,,,,
13099,Dining and Drinking > Restaurant > Chinese Restaurant,,,,
13100,Dining and Drinking > Restaurant > Chinese Restaurant > Anhui Restaurant,,,,
13101,Dining and Drinking > Restaurant > Chinese Restaurant > Beijing Restaurant,,,,
13102,Dining and Drinking > Restaurant > Chinese Restaurant > Cantonese Restaurant,,,,
13103,Dining and Drinking > Restaurant > Chinese Restaurant > Cha Chaan Teng,,,,
13104,Dining and Drinking > Restaurant > Chinese Restaurant > Chinese Aristocrat Restaurant,,,,
13105,Dining and Drinking > Restaurant > Chinese Restaurant > Chinese Breakfast Restaurant,,,,
13106,Dining and Drinking > Restaurant > Chinese Restaurant > Dim Sum Restaurant,,,,
13107,Dining and Drinking > Restaurant > Chinese Restaurant > Dongbei Restaurant,,,,
13108,Dining and Drinking > Restaurant > Chinese Restaurant > Fujian Restaurant,,,,
13109,Dining and Drinking > Restaurant > Chinese Restaurant > Guizhou Restaurant,,,,
13110,Dining and Drinking > Restaurant > Chinese Restaurant > Hainan Restaurant,,,,
13111,Dining and Drinking > Restaurant > Chinese Restaurant > Hakka Restaurant,,,,
13112,Dining and Drinking > Restaurant > Chinese Restaurant > Henan Restaurant,,,,
13113,Dining and Drinking > Restaurant > Chinese Restaurant > Hong Kong Restaurant,,,,
13114,Dining and Drinking > Restaurant > Chinese Restaurant > Huaiyang Restaurant,,,,
13115,Dining and Drinking > Restaurant > Chinese Restaurant > Hubei Restaurant,,,,
13116,Dining and Drinking > Restaurant > Chinese Restaurant > Hunan Restaurant,,,,
13117,Dining and Drinking > Restaurant > Chinese Restaurant > Imperial Restaurant,,,,
13118,Dining and Drinking > Restaurant > Chinese Restaurant > Jiangsu Restaurant,,,,
13119,Dining and Drinking > Restaurant > Chinese Restaurant > Jiangxi Restaurant,,,,
13120,Dining and Drinking > Restaurant > Chinese Restaurant > Macanese Restaurant,,,,
13121,Dining and Drinking > Restaurant > Chinese Restaurant > Manchu Restaurant,,,,
13122,Dining and Drinking > Restaurant > Chinese Restaurant > Peking Duck Restaurant,,,,
13123,Dining and Drinking > Restaurant > Chinese Restaurant > Shaanxi Restaurant,,,,
13124,Dining and Drinking > Restaurant > Chinese Restaurant > Shandong Restaurant,,,,
13125,Dining and Drinking > Restaurant > Chinese Restaurant > Shanghai Restaurant,,,,
13126,Dining and Drinking > Restaurant > Chinese Restaurant > Shanxi Restaurant,,,,
13127,Dining and Drinking > Restaurant > Chinese Restaurant > Szechuan Restaurant,,,,
13128,Dining and Drinking > Restaurant > Chinese Restaurant > Taiwanese Restaurant,,,,
13129,Dining and Drinking > Restaurant > Chinese Restaurant > Tianjin Restaurant,,,,
13130,Dining and Drinking > Restaurant > Chinese Restaurant > Xinjiang Restaurant,,,,
13131,Dining and Drinking > Restaurant > Chinese Restaurant > Yunnan Restaurant,,,,
13132,Dining and Drinking > Restaurant > Chinese Restaurant > Zhejiang Restaurant,,,,
13133,Dining and Drinking > Restaurant > Colombian Restaurant,,,,
13134,Dining and Drinking > Restaurant > Comfort Food Restaurant,,,,
13135,Dining and Drinking > Restaurant > Cuban Restaurant,,,,
13136,Dining and Drinking > Restaurant > Czech Restaurant,,,,
13039,Dining and Drinking > Restaurant > Deli,,,,
13049,Dining and Drinking > Restaurant > Diner,,,,
13137,Dining and Drinking > Restaurant > Dumpling Restaurant,,,,
13138,Dining and Drinking > Restaurant > Dutch Restaurant,,,,
13139,Dining and Drinking > Restaurant > Eastern European Restaurant,,,,
13140,Dining and Drinking > Restaurant > Egyptian Restaurant,,,,
13141,Dining and Drinking > Restaurant > Empanada Restaurant,,,,
13142,Dining and Drinking > Restaurant > English Restaurant,,,,
13143,Dining and Drinking > Restaurant > Ethiopian Restaurant,,,,
13144,Dining and Drinking > Restaurant > Falafel Restaurant,,,,
13145,Dining and Drinking > Restaurant > Fast Food Restaurant,,,,
13146,Dining and Drinking > Restaurant > Filipino Restaurant,,,,
13051,Dining and Drinking > Restaurant > Fish and Chips Shop,,,,
13147,Dining and Drinking > Restaurant > Fondue Restaurant,,,,
13148,Dining and Drinking > Restaurant > French Restaurant,,,,
13149,Dining and Drinking > Restaurant > French Restaurant > Alsatian Restaurant,,,,
13150,Dining and Drinking > Restaurant > French Restaurant > Auvergne Restaurant,,,,
13151,Dining and Drinking > Restaurant > French Restaurant > Basque Restaurant,,,,
13152,Dining and Drinking > Restaurant > French Restaurant > Brasserie,,,,
13153,Dining and Drinking > Restaurant > French Restaurant > Breton Restaurant,,,,
13154,Dining and Drinking > Restaurant > French Restaurant > Burgundian Restaurant,,,,
13155,Dining and Drinking > Restaurant > French Restaurant > Catalan Restaurant,,,,
13156,Dining and Drinking > Restaurant > French Restaurant > Ch'ti Restaurant,,,,
13157,Dining and Drinking > Restaurant > French Restaurant > Corsican Restaurant,,,,
13158,Dining and Drinking > Restaurant > French Restaurant > Estaminet,,,,
13159,Dining and Drinking > Restaurant > French Restaurant > Labour Canteen,,,,
13160,Dining and Drinking > Restaurant > French Restaurant > Lyonese Bouchon,,,,
13161,Dining and Drinking > Restaurant > French Restaurant > Norman Restaurant,,,,
13162,Dining and Drinking > Restaurant > French Restaurant > Provençal Restaurant,,,,
13163,Dining and Drinking > Restaurant > French Restaurant > Savoyard Restaurant,,,,
13164,Dining and Drinking > Restaurant > French Restaurant > Southwestern French Restaurant,,,,
13055,Dining and Drinking > Restaurant > Fried Chicken Joint,,,,
13056,Dining and Drinking > Restaurant > Friterie,,,,
13057,Dining and Drinking > Restaurant > Gastropub,,,,
13165,Dining and Drinking > Restaurant > German Restaurant,,,,
13166,Dining and Drinking > Restaurant > German Restaurant > Apple Wine Pub,,,,
13167,Dining and Drinking > Restaurant > German Restaurant > Bavarian Restaurant,,,,
13168,Dining and Drinking > Restaurant > German Restaurant > Bratwurst Joint,,,,
13169,Dining and Drinking > Restaurant > German Restaurant > Currywurst Joint,,,,
13170,Dining and Drinking > Restaurant > German Restaurant > Franconian Restaurant,,,,
13171,Dining and Drinking > Restaurant > German Restaurant > German Pop-Up Restaurant,,,,
13172,Dining and Drinking > Restaurant > German Restaurant > Palatine Restaurant,,,,
13173,Dining and Drinking > Restaurant > German Restaurant > Rhenisch Restaurant,,,,
13174,Dining and Drinking > Restaurant > German Restaurant > Schnitzel Restaurant,,,,
13175,Dining and Drinking > Restaurant > German Restaurant > Silesian Restaurant,,,,
13176,Dining and Drinking > Restaurant > German Restaurant > Swabian Restaurant,,,,
13177,Dining and Drinking > Restaurant > Greek Restaurant,,,,
13178,Dining and Drinking > Restaurant > Greek Restaurant > Bougatsa Shop,,,,
13179,Dining and Drinking > Restaurant > Greek Restaurant > Cretan Restaurant,,,,
13180,Dining and Drinking > Restaurant > Greek Restaurant > Fish Taverna,,,,
13181,Dining and Drinking > Restaurant > Greek Restaurant > Grilled Meat Restaurant,,,,
13182,Dining and Drinking > Restaurant > Greek Restaurant > Kafenio,,,,
13183,Dining and Drinking > Restaurant > Greek Restaurant > Magirio,,,,
13184,Dining and Drinking > Restaurant > Greek Restaurant > Meze Restaurant,,,,
13185,Dining and Drinking > Restaurant > Greek Restaurant > Modern Greek Restaurant,,,,
13186,Dining and Drinking > Restaurant > Greek Restaurant > Ouzeri,,,,
13187,Dining and Drinking > Restaurant > Greek Restaurant > Patsa Restaurant,,,,
13188,Dining and Drinking > Restaurant > Greek Restaurant > Souvlaki Shop,,,,
13189,Dining and Drinking > Restaurant > Greek Restaurant > Taverna,,,,
13190,Dining and Drinking > Restaurant > Greek Restaurant > Tsipouro Restaurant,,,,
13191,Dining and Drinking > Restaurant > Halal Restaurant,,,,
13192,Dining and Drinking > Restaurant > Hawaiian Restaurant,,,,
13193,Dining and Drinking > Restaurant > Hawaiian Restaurant > Poke Restaurant,,,,
13194,Dining and Drinking > Restaurant > Himalayan Restaurant,,,,
13195,Dining and Drinking > Restaurant > Honduran Restaurant,,,,
13058,Dining and Drinking > Restaurant > Hot Dog Joint,,,,
13196,Dining and Drinking > Restaurant > Hotpot Restaurant,,,,
13197,Dining and Drinking > Restaurant > Hungarian Restaurant,,,,
13198,Dining and Drinking > Restaurant > Indian Chinese Restaurant,,,,
13199,Dining and Drinking > Restaurant > Indian Restaurant,,,,
13200,Dining and Drinking > Restaurant > Indian Restaurant > Andhra Restaurant,,,,
13201,Dining and Drinking > Restaurant > Indian Restaurant > Awadhi Restaurant,,,,
13202,Dining and Drinking > Restaurant > Indian Restaurant > Bengali Restaurant,,,,
13203,Dining and Drinking > Restaurant > Indian Restaurant > Chaat Place,,,,
13204,Dining and Drinking > Restaurant > Indian Restaurant > Chettinad Restaurant,,,,
13205,Dining and Drinking > Restaurant > Indian Restaurant > Dhaba,,,,
13206,Dining and Drinking > Restaurant > Indian Restaurant > Dosa Place,,,,
13207,Dining and Drinking > Restaurant > Indian Restaurant > Goan Restaurant,,,,
13208,Dining and Drinking > Restaurant > Indian Restaurant > Gujarati Restaurant,,,,
13209,Dining and Drinking > Restaurant > Indian Restaurant > Hyderabadi Restaurant,,,,
13210,Dining and Drinking > Restaurant > Indian Restaurant > Indian Sweet Shop,,,,
13211,Dining and Drinking > Restaurant > Indian Restaurant > Irani Cafe,,,,
13212,Dining and Drinking > Restaurant > Indian Restaurant > Jain Restaurant,,,,
13213,Dining and Drinking > Restaurant > Indian Restaurant > Karnataka Restaurant,,,,
13214,Dining and Drinking > Restaurant > Indian Restaurant > Kerala Restaurant,,,,
13215,Dining and Drinking > Restaurant > Indian Restaurant > Maharashtrian Restaurant,,,,
13216,Dining and Drinking > Restaurant > Indian Restaurant > Mughlai Restaurant,,,,
13217,Dining and Drinking > Restaurant > Indian Restaurant > Multicuisine Indian Restaurant,,,,
13218,Dining and Drinking > Restaurant > Indian Restaurant > North Indian Restaurant,,,,
13219,Dining and Drinking > Restaurant > Indian Restaurant > Northeast Indian Restaurant,,,,
13220,Dining and Drinking > Restaurant > Indian Restaurant > Parsi Restaurant,,,,
13221,Dining and Drinking > Restaurant > Indian Restaurant > Punjabi Restaurant,,,,
13222,Dining and Drinking > Restaurant > Indian Restaurant > Rajasthani Restaurant,,,,
13223,Dining and Drinking > Restaurant > Indian Restaurant > South Indian Restaurant,,,,
13224,Dining and Drinking > Restaurant > Indian Restaurant > Udupi Restaurant,,,,
13225,Dining and Drinking > Restaurant > Indonesian Restaurant,,,,
13226,Dining and Drinking > Restaurant > Indonesian Restaurant > Acehnese Restaurant,,,,
13227,Dining and Drinking > Restaurant > Indonesian Restaurant > Balinese Restaurant,,,,
13228,Dining and Drinking > Restaurant > Indonesian Restaurant > Betawinese Restaurant,,,,
13229,Dining and Drinking > Restaurant > Indonesian Restaurant > Indonesian Meatball Restaurant,,,,
13230,Dining and Drinking > Restaurant > Indonesian Restaurant > Javanese Restaurant,,,,
13231,Dining and Drinking > Restaurant > Indonesian Restaurant > Manadonese Restaurant,,,,
13232,Dining and Drinking > Restaurant > Indonesian Restaurant > Padangnese Restaurant,,,,
13233,Dining and Drinking > Restaurant > Indonesian Restaurant > Sundanese Restaurant,,,,
13234,Dining and Drinking > Restaurant > Iraqi Restaurant,,,,
13235,Dining and Drinking > Restaurant > Israeli Restaurant,,,,
13236,Dining and Drinking > Restaurant > Italian Restaurant,,,,
13237,Dining and Drinking > Restaurant > Italian Restaurant > Abruzzo Restaurant,,,,
13238,Dining and Drinking > Restaurant > Italian Restaurant > Agriturismo,,,,
13239,Dining and Drinking > Restaurant > Italian Restaurant > Aosta Restaurant,,,,
13240,Dining and Drinking > Restaurant > Italian Restaurant > Basilicata Restaurant,,,,
13241,Dining and Drinking > Restaurant > Italian Restaurant > Calabria Restaurant,,,,
13242,Dining and Drinking > Restaurant > Italian Restaurant > Campanian Restaurant,,,,
13243,Dining and Drinking > Restaurant > Italian Restaurant > Emilia Restaurant,,,,
13244,Dining and Drinking > Restaurant > Italian Restaurant > Friuli Restaurant,,,,
13245,Dining and Drinking > Restaurant > Italian Restaurant > Ligurian Restaurant,,,,
13246,Dining and Drinking > Restaurant > Italian Restaurant > Lombard Restaurant,,,,
13247,Dining and Drinking > Restaurant > Italian Restaurant > Malga,,,,
13248,Dining and Drinking > Restaurant > Italian Restaurant > Marche Restaurant,,,,
13249,Dining and Drinking > Restaurant > Italian Restaurant > Molise Restaurant,,,,
13250,Dining and Drinking > Restaurant > Italian Restaurant > Piadineria,,,,
13251,Dining and Drinking > Restaurant > Italian Restaurant > Piedmontese Restaurant,,,,
13252,Dining and Drinking > Restaurant > Italian Restaurant > Puglia Restaurant,,,,
13253,Dining and Drinking > Restaurant > Italian Restaurant > Romagna Restaurant,,,,
13254,Dining and Drinking > Restaurant > Italian Restaurant > Roman Restaurant,,,,
13255,Dining and Drinking > Restaurant > Italian Restaurant > Sardinian Restaurant,,,,
13256,Dining and Drinking > Restaurant > Italian Restaurant > Sicilian Restaurant,,,,
13257,Dining and Drinking > Restaurant > Italian Restaurant > South Tyrolean Restaurant,,,,
13258,Dining and Drinking > Restaurant > Italian Restaurant > Trattoria/Osteria,,,,
13259,Dining and Drinking > Restaurant > Italian Restaurant > Trentino Restaurant,,,,
13260,Dining and Drinking > Restaurant > Italian Restaurant > Tuscan Restaurant,,,,
13261,Dining and Drinking > Restaurant > Italian Restaurant > Umbrian Restaurant,,,,
13262,Dining and Drinking > Restaurant > Italian Restaurant > Veneto Restaurant,,,,
13263,Dining and Drinking > Restaurant > Japanese Restaurant,,,,
13264,Dining and Drinking > Restaurant > Japanese Restaurant > Donburi Restaurant,,,,
13265,Dining and Drinking > Restaurant > Japanese Restaurant > Japanese Curry Restaurant,,,,
13266,Dining and Drinking > Restaurant > Japanese Restaurant > Japanese Family Restaurant,,,,
13267,Dining and Drinking > Restaurant > Japanese Restaurant > Kaiseki Restaurant,,,,
13268,Dining and Drinking > Restaurant > Japanese Restaurant > Kushikatsu Restaurant,,,,
13269,Dining and Drinking > Restaurant > Japanese Restaurant > Monjayaki Restaurant,,,,
13270,Dining and Drinking > Restaurant > Japanese Restaurant > Nabe Restaurant,,,,
13271,Dining and Drinking > Restaurant > Japanese Restaurant > Okonomiyaki Restaurant,,,,
13272,Dining and Drinking > Restaurant > Japanese Restaurant > Ramen Restaurant,,,,
13273,Dining and Drinking > Restaurant > Japanese Restaurant > Shabu-Shabu Restaurant,,,,
13274,Dining and Drinking > Restaurant > Japanese Restaurant > Soba Restaurant,,,,
13275,Dining and Drinking > Restaurant > Japanese Restaurant > Sukiyaki Restaurant,,,,
13276,Dining and Drinking > Restaurant > Japanese Restaurant > Sushi Restaurant,,,,
13277,Dining and Drinking > Restaurant > Japanese Restaurant > Takoyaki Place,,,,
13278,Dining and Drinking > Restaurant > Japanese Restaurant > Teishoku Restaurant,,,,
13279,Dining and Drinking > Restaurant > Japanese Restaurant > Tempura Restaurant,,,,
13280,Dining and Drinking > Restaurant > Japanese Restaurant > Tonkatsu Restaurant,,,,
13281,Dining and Drinking > Restaurant > Japanese Restaurant > Udon Restaurant,,,,
13282,Dining and Drinking > Restaurant > Japanese Restaurant > Unagi Restaurant,,,,
13283,Dining and Drinking > Restaurant > Japanese Restaurant > Wagashi Place,,,,
13284,Dining and Drinking > Restaurant > Japanese Restaurant > Yakitori Restaurant,,,,
13285,Dining and Drinking > Restaurant > Japanese Restaurant > Yoshoku Restaurant,,,,
13286,Dining and Drinking > Restaurant > Jewish Restaurant,,,,
13287,Dining and Drinking > Restaurant > Jewish Restaurant > Kosher Restaurant,,,,
13288,Dining and Drinking > Restaurant > Kebab Restaurant,,,,
13289,Dining and Drinking > Restaurant > Korean Restaurant,,,,
13290,Dining and Drinking > Restaurant > Korean Restaurant > Bossam/Jokbal Restaurant,,,,
13291,Dining and Drinking > Restaurant > Korean Restaurant > Bunsik Restaurant,,,,
13292,Dining and Drinking > Restaurant > Korean Restaurant > Gukbap Restaurant,,,,
13293,Dining and Drinking > Restaurant > Korean Restaurant > Janguh Restaurant,,,,
13294,Dining and Drinking > Restaurant > Korean Restaurant > Korean BBQ Restaurant,,,,
13295,Dining and Drinking > Restaurant > Korean Restaurant > Samgyetang Restaurant,,,,
13296,Dining and Drinking > Restaurant > Kurdish Restaurant,,,,
13297,Dining and Drinking > Restaurant > Latin American Restaurant,,,,
13298,Dining and Drinking > Restaurant > Lebanese Restaurant,,,,
13060,Dining and Drinking > Restaurant > Mac and Cheese Joint,,,,
13299,Dining and Drinking > Restaurant > Malay Restaurant,,,,
13300,Dining and Drinking > Restaurant > Malay Restaurant > Mamak Restaurant,,,,
13301,Dining and Drinking > Restaurant > Mauritian Restaurant,,,,
13302,Dining and Drinking > Restaurant > Mediterranean Restaurant,,,,
13303,Dining and Drinking > Restaurant > Mexican Restaurant,,,,
13304,Dining and Drinking > Restaurant > Mexican Restaurant > Botanero,,,,
13305,Dining and Drinking > Restaurant > Mexican Restaurant > Burrito Restaurant,,,,
13306,Dining and Drinking > Restaurant > Mexican Restaurant > Taco Restaurant,,,,
13307,Dining and Drinking > Restaurant > Mexican Restaurant > Tex-Mex Restaurant,,,,
13308,Dining and Drinking > Restaurant > Mexican Restaurant > Yucatecan Restaurant,,,,
13309,Dining and Drinking > Restaurant > Middle Eastern Restaurant,,,,
13310,Dining and Drinking > Restaurant > Modern European Restaurant,,,,
13311,Dining and Drinking > Restaurant > Molecular Gastronomy Restaurant,,,,
13312,Dining and Drinking > Restaurant > Mongolian Restaurant,,,,
13313,Dining and Drinking > Restaurant > Moroccan Restaurant,,,,
13314,Dining and Drinking > Restaurant > New American Restaurant,,,,
13315,Dining and Drinking > Restaurant > Noodle Restaurant,,,,
13316,Dining and Drinking > Restaurant > Pakistani Restaurant,,,,
13317,Dining and Drinking > Restaurant > Persian Restaurant,,,,
13318,Dining and Drinking > Restaurant > Persian Restaurant > Ash and Haleem Place,,,,
13319,Dining and Drinking > Restaurant > Persian Restaurant > Dizi Place,,,,
13320,Dining and Drinking > Restaurant > Persian Restaurant > Gilaki Restaurant,,,,
13321,Dining and Drinking > Restaurant > Persian Restaurant > Jegaraki,,,,
13384,Dining and Drinking > Restaurant > Persian Restaurant > Tabbakhi,,,,
13322,Dining and Drinking > Restaurant > Peruvian Restaurant,,,,
13323,Dining and Drinking > Restaurant > Peruvian Restaurant > Peruvian Roast Chicken Joint,,,,
13064,Dining and Drinking > Restaurant > Pizzeria,,,,
13324,Dining and Drinking > Restaurant > Polish Restaurant,,,,
13325,Dining and Drinking > Restaurant > Portuguese Restaurant,,,,
13326,Dining and Drinking > Restaurant > Poutine Restaurant,,,,
13327,Dining and Drinking > Restaurant > Puerto Rican Restaurant,,,,
13328,Dining and Drinking > Restaurant > Romanian Restaurant,,,,
13329,Dining and Drinking > Restaurant > Russian Restaurant,,,,
13330,Dining and Drinking > Restaurant > Russian Restaurant > Blini House,,,,
13331,Dining and Drinking > Restaurant > Russian Restaurant > Pelmeni House,,,,
13332,Dining and Drinking > Restaurant > Salad Restaurant,,,,
13333,Dining and Drinking > Restaurant > Salvadoran Restaurant,,,,
13334,Dining and Drinking > Restaurant > Sandwich Restaurant,,,,
13335,Dining and Drinking > Restaurant > Satay Restaurant,,,,
13336,Dining and Drinking > Restaurant > Scandinavian Restaurant,,,,
13337,Dining and Drinking > Restaurant > Scottish Restaurant,,,,
13338,Dining and Drinking > Restaurant > Seafood Restaurant,,,,
13339,Dining and Drinking > Restaurant > Shawarma Restaurant,,,,
13340,Dining and Drinking > Restaurant > Singaporean Restaurant,,,,
13341,Dining and Drinking > Restaurant > Slovak Restaurant,,,,
13342,Dining and Drinking > Restaurant > Soup Restaurant,,,,
13343,Dining and Drinking > Restaurant > South American Restaurant,,,,
13344,Dining and Drinking > Restaurant > Southern / Soul Food Restaurant,,,,
13345,Dining and Drinking > Restaurant > Spanish Restaurant,,,,
13346,Dining and Drinking > Restaurant > Spanish Restaurant > Paella Restaurant,,,,
13347,Dining and Drinking > Restaurant > Spanish Restaurant > Tapas Restaurant,,,,
13348,Dining and Drinking > Restaurant > Sri Lankan Restaurant,,,,
13383,Dining and Drinking > Restaurant > Steakhouse,,,,
13349,Dining and Drinking > Restaurant > Swiss Restaurant,,,,
13350,Dining and Drinking > Restaurant > Syrian Restaurant,,,,
13351,Dining and Drinking > Restaurant > Tatar Restaurant,,,,
13352,Dining and Drinking > Restaurant > Thai Restaurant,,,,
13353,Dining and Drinking > Restaurant > Thai Restaurant > Som Tum Restaurant,,,,
13354,Dining and Drinking > Restaurant > Theme Restaurant,,,,
13355,Dining and Drinking > Restaurant > Tibetan Restaurant,,,,
13356,Dining and Drinking > Restaurant > Turkish Restaurant,,,,
13357,Dining and Drinking > Restaurant > Turkish Restaurant > Borek Place,,,,
13358,Dining and Drinking > Restaurant > Turkish Restaurant > Cigkofte Place,,,,
13359,Dining and Drinking > Restaurant > Turkish Restaurant > Çöp Şiş Place,,,,
13360,Dining and Drinking > Restaurant > Turkish Restaurant > Doner Restaurant,,,,
13361,Dining and Drinking > Restaurant > Turkish Restaurant > Gozleme Place,,,,
13362,Dining and Drinking > Restaurant > Turkish Restaurant > Kofte Place,,,,
13363,Dining and Drinking > Restaurant > Turkish Restaurant > Kokoreç Restaurant,,,,
13364,Dining and Drinking > Restaurant > Turkish Restaurant > Kumpir Restaurant,,,,
13365,Dining and Drinking > Restaurant > Turkish Restaurant > Kumru Restaurant,,,,
13366,Dining and Drinking > Restaurant > Turkish Restaurant > Manti Place,,,,
13367,Dining and Drinking > Restaurant > Turkish Restaurant > Meyhane,,,,
13368,Dining and Drinking > Restaurant > Turkish Restaurant > Pide Place,,,,
13369,Dining and Drinking > Restaurant > Turkish Restaurant > Pilavcı,,,,
13370,Dining and Drinking > Restaurant > Turkish Restaurant > Söğüş Place,,,,
13371,Dining and Drinking > Restaurant > Turkish Restaurant > Tantuni Restaurant,,,,
13372,Dining and Drinking > Restaurant > Turkish Restaurant > Turkish Coffeehouse,,,,
13373,Dining and Drinking > Restaurant > Turkish Restaurant > Turkish Home Cooking Restaurant,,,,
13374,Dining and Drinking > Restaurant > Ukrainian Restaurant,,,,
13375,Dining and Drinking > Restaurant > Ukrainian Restaurant > Varenyky Restaurant,,,,
13376,Dining and Drinking > Restaurant > Ukrainian Restaurant > West-Ukrainian Restaurant,,,,
13377,Dining and Drinking > Restaurant > Vegan and Vegetarian Restaurant,,,,
13378,Dining and Drinking > Restaurant > Venezuelan Restaurant,,,,
13379,Dining and Drinking > Restaurant > Vietnamese Restaurant,,,,
13388,Dining and Drinking > Restaurant > Wings Joint,,,,
13380,Dining and Drinking > Restaurant > Yemeni Restaurant,,,,
13381,Dining and Drinking > Smoothie Shop,,,,
13382,Dining and Drinking > Snack Place,,,,
13385,Dining and Drinking > Truck Stop,,,,
13386,Dining and Drinking > Vineyard,,,,
13387,Dining and Drinking > Winery,,,,
14000,Event,,,,
14001,Event > Conference,,,,
14002,Event > Convention,,,,
14003,Event > Entertainment Event,,,,
14004,Event > Entertainment Event > Festival,,,,
14005,Event > Entertainment Event > Music Festival,,,,
14006,Event > Entertainment Event > Parade,,,,
14007,Event > Entertainment Event > Sporting Event,,,,
14008,Event > Line / Queue,,,,
14009,Event > Marketplace,,,,
14010,Event > Marketplace > Christmas Market,,,,
14011,Event > Marketplace > Stoop Sale,,,,
14012,Event > Marketplace > Street Fair,,,,
14013,Event > Marketplace > Street Food Gathering,,,,
14014,Event > Marketplace > Trade Fair,,,,
14015,Event > Other Event,,,,
16000,Landmarks and Outdoors,,,,
16001,Landmarks and Outdoors > Bathing Area,,,,
16002,Landmarks and Outdoors > Bay,,,,
16003,Landmarks and Outdoors > Beach,,,,
16004,Landmarks and Outdoors > Bike Trail,,,,
16005,Landmarks and Outdoors > Botanical Garden,,,,
16006,Landmarks and Outdoors > Bridge,,,,
16007,Landmarks and Outdoors > Building / Structure,,,,
16008,Landmarks and Outdoors > Campground,,,,
16009,Landmarks and Outdoors > Canal,,,,
16010,Landmarks and Outdoors > Canal Lock,,,,
16011,Landmarks and Outdoors > Castle,,,,
16012,Landmarks and Outdoors > Cave,,,,
16013,Landmarks and Outdoors > Dive Spot,,,,
16014,Landmarks and Outdoors > Farm,,,,
16015,Landmarks and Outdoors > Forest,,,,
16016,Landmarks and Outdoors > Fountain,,,,
16017,Landmarks and Outdoors > Garden,,,,
16018,Landmarks and Outdoors > Harbor / Marina,,,,
16019,Landmarks and Outdoors > Hiking Trail,,,,
16020,Landmarks and Outdoors > Historic and Protected Site,,,,
16021,Landmarks and Outdoors > Hot Spring,,,,
16022,Landmarks and Outdoors > Island,,,,
16023,Landmarks and Outdoors > Lake,,,,
16024,Landmarks and Outdoors > Lighthouse,,,,
16025,Landmarks and Outdoors > Memorial Site,,,,
16026,Landmarks and Outdoors > Monument,,,,
16027,Landmarks and Outdoors > Mountain,,,,
16028,Landmarks and Outdoors > Nature Preserve,,,,
16029,Landmarks and Outdoors > Nudist Beach,,,,
16030,Landmarks and Outdoors > Other Great Outdoors,,,,
16031,Landmarks and Outdoors > Palace,,,,
16032,Landmarks and Outdoors > Park,,,,
16033,Landmarks and Outdoors > Park > Dog Park,,,,
16034,Landmarks and Outdoors > Park > National Park,,,,
16035,Landmarks and Outdoors > Park > Natural Park,,,,
16036,Landmarks and Outdoors > Park > Picnic Area,,,,
16037,Landmarks and Outdoors > Park > Playground,,,,
16038,Landmarks and Outdoors > Park > State / Provincial Park,,,,
16039,Landmarks and Outdoors > Park > Urban Park,,,,
16040,Landmarks and Outdoors > Pedestrian Plaza,,,,
16041,Landmarks and Outdoors > Plaza,,,,
16042,Landmarks and Outdoors > Reservoir,,,,
16043,Landmarks and Outdoors > River,,,,
16044,Landmarks and Outdoors > Rock Climbing Spot,,,,
16045,Landmarks and Outdoors > Roof Deck,,,,
16046,Landmarks and Outdoors > Scenic Lookout,,,,
16047,Landmarks and Outdoors > Sculpture Garden,,,,
16048,Landmarks and Outdoors > Stable,,,,
16049,Landmarks and Outdoors > Surf Spot,,,,
16050,Landmarks and Outdoors > Tunnel,,,,
16051,Landmarks and Outdoors > Volcano,,,,
16052,Landmarks and Outdoors > Waterfall,,,,
16053,Landmarks and Outdoors > Waterfront,,,,
16054,Landmarks and Outdoors > Windmill,,,,
17038,Retail,,,,
17039,Retail > Fashion Retail,,,,
17040,Retail > Fashion Retail > Batik Store,,,,
17041,Retail > Fashion Retail > Bridal Store,,,,
17042,Retail > Fashion Retail > Children's Clothing Store,,,,
17043,Retail > Fashion Retail > Clothing Store,,,,
17044,Retail > Fashion Retail > Fashion Accessories Store,,,,
17045,Retail > Fashion Retail > Jewelry Store,,,,
17046,Retail > Fashion Retail > Lingerie Store,,,,
17047,Retail > Fashion Retail > Men's Store,,,,
17048,Retail > Fashion Retail > Shoe Store,,,,
17049,Retail > Fashion Retail > Sunglasses Store,,,,
17050,Retail > Fashion Retail > Swimwear Store,,,,
17051,Retail > Fashion Retail > Watch Store,,,,
17052,Retail > Fashion Retail > Women's Store,,,,
17113,Retail > Record Store,,,,
17114,Retail > Shopping Mall,,,,
17115,Retail > Shopping Plaza,,,,
17116,Retail > Souvenir Store,,,,
17117,Retail > Sporting Goods Retail,,,,
17118,Retail > Sporting Goods Retail > Baseball Store,,,,
17119,Retail > Sporting Goods Retail > Bicycle Store,,,,
17120,Retail > Sporting Goods Retail > Dive Store,,,,
17121,Retail > Sporting Goods Retail > Fishing Store,,,,
17122,Retail > Sporting Goods Retail > Golf Store,,,,
17123,Retail > Sporting Goods Retail > Gun Store,,,,
17124,Retail > Sporting Goods Retail > Hunting Supply Store,,,,
17125,Retail > Sporting Goods Retail > Running Store,,,,
17126,Retail > Sporting Goods Retail > Skate Store,,,,
17127,Retail > Sporting Goods Retail > Ski Store,,,,
17128,Retail > Sporting Goods Retail > Soccer Store,,,,
17129,Retail > Sporting Goods Retail > Surf Store,,,,
17130,Retail > Sporting Goods Retail > Tennis Store,,,,
18000,Sports and Recreation,,,,
18001,Sports and Recreation > Athletic Field,,,,
18002,Sports and Recreation > Baseball,,,,
18003,Sports and Recreation > Baseball > Baseball Club,,,,
18004,Sports and Recreation > Baseball > Baseball Field,,,,
18005,Sports and Recreation > Baseball > Batting Range,,,,
18006,Sports and Recreation > Basketball,,,,
18007,Sports and Recreation > Basketball > Basketball Club,,,,
18008,Sports and Recreation > Basketball > Basketball Court,,,,
18009,Sports and Recreation > Bowling Green,,,,
18010,Sports and Recreation > Cricket Ground,,,,
18011,Sports and Recreation > Curling Ice,,,,
18012,Sports and Recreation > Equestrian Facility,,,,
18013,Sports and Recreation > Football,,,,
18014,Sports and Recreation > Football > Football Club,,,,
18015,Sports and Recreation > Football > Football Field,,,,
18016,Sports and Recreation > Golf,,,,
18017,Sports and Recreation > Golf > Golf Club,,,,
18018,Sports and Recreation > Golf > Golf Course,,,,
18019,Sports and Recreation > Golf > Golf Driving Range,,,,
18020,Sports and Recreation > Gun Range,,,,
18021,Sports and Recreation > Gym and Studio,,,,
18022,Sports and Recreation > Gym and Studio > Boxing Gym,,,,
18023,Sports and Recreation > Gym and Studio > Climbing Gym,,,,
18024,Sports and Recreation > Gym and Studio > Cycle Studio,,,,
18025,Sports and Recreation > Gym and Studio > Dance Studio,,,,
18026,Sports and Recreation > Gym and Studio > Outdoor Gym,,,,
18027,Sports and Recreation > Gym and Studio > Pilates Studio,,,,
18028,Sports and Recreation > Gym and Studio > Yoga Studio,,,,
18029,Sports and Recreation > Gymnastics,,,,
18030,Sports and Recreation > Gymnastics > Gymnastics Center,,,,
18031,Sports and Recreation > Hockey,,,,
18032,Sports and Recreation > Hockey > Hockey Club,,,,
18033,Sports and Recreation > Hockey > Hockey Field,,,,
18034,Sports and Recreation > Hockey > Hockey Rink,,,,
18035,Sports and Recreation > Indoor Play Area,,,,
18036,Sports and Recreation > Martial Arts Dojo,,,,
18037,Sports and Recreation > Paintball Field,,,,
18038,Sports and Recreation > Personal Trainer,,,,
18039,Sports and Recreation > Race Track,,,,
18040,Sports and Recreation > Racquet Sports,,,,
18041,Sports and Recreation > Racquet Sports > Badminton Court,,,,
18042,Sports and Recreation > Racquet Sports > Racquet Sport Club,,,,
18043,Sports and Recreation > Racquet Sports > Racquetball Club,,,,
18044,Sports and Recreation > Racquet Sports > Squash Court,,,,
18045,Sports and Recreation > Racquet Sports > Tennis,,,,
18046,Sports and Recreation > Racquet Sports > Tennis > Tennis Club,,,,
18047,Sports and Recreation > Racquet Sports > Tennis > Tennis Court,,,,
18048,Sports and Recreation > Recreation Center,,,,
18049,Sports and Recreation > Rugby,,,,
18050,Sports and Recreation > Rugby > Rugby Pitch,,,,
18051,Sports and Recreation > Running and Track,,,,
18052,Sports and Recreation > Running and Track > Running Club,,,,
18053,Sports and Recreation > Running and Track > Track,,,,
18054,Sports and Recreation > Skating,,,,
18055,Sports and Recreation > Skating > Skate Park,,,,
18056,Sports and Recreation > Skating > Skating Rink,,,,
18057,Sports and Recreation > Skydiving Center,,,,
18058,Sports and Recreation > Snow Sports,,,,
18059,Sports and Recreation > Snow Sports > Ski Chalet,,,,
18060,Sports and Recreation > Snow Sports > Ski Lodge,,,,
18061,Sports and Recreation > Snow Sports > Ski Resorts and Areas,,,,
18062,Sports and Recreation > Soccer,,,,
18063,Sports and Recreation > Soccer > Soccer Club,,,,
18064,Sports and Recreation > Soccer > Soccer Field,,,,
18065,Sports and Recreation > Sports Club,,,,
18066,Sports and Recreation > Volleyball Court,,,,
18067,Sports and Recreation > Water Sports,,,,
18068,Sports and Recreation > Water Sports > Canoe and Kayak Rental,,,,
18069,Sports and Recreation > Water Sports > Rafting Outfitter,,,,
18070,Sports and Recreation > Water Sports > Sailing Club,,,,
18071,Sports and Recreation > Water Sports > Scuba Diving Instructor,,,,
18072,Sports and Recreation > Water Sports > Surfing,,,,
18073,Sports and Recreation > Water Sports > Swimming,,,,
18076,Sports and Recreation > Water Sports > Swimming > Swim School,,,,
18074,Sports and Recreation > Water Sports > Swimming > Swimming Club,,,,
18075,Sports and Recreation > Water Sports > Swimming > Swimming Pool,,,,
19000,Travel and Transportation,,,,
19001,Travel and Transportation > Baggage Locker,,,,
19002,Travel and Transportation > Bike Rental,,,,
19003,Travel and Transportation > Boat Rental,,,,
19004,Travel and Transportation > Border Crossing,,,,
19005,Travel and Transportation > Cruise,,,,
19006,Travel and Transportation > Electric Vehicle Charging Station,,,,
19007,Travel and Transportation > Fuel Station,,,,
19008,Travel and Transportation > Hot Air Balloon Tour Agency,,,,
19009,Travel and Transportation > Lodging,,,,
19010,Travel and Transportation > Lodging > Bed and Breakfast,,,,
19011,Travel and Transportation > Lodging > Boarding House,,,,
19012,Travel and Transportation > Lodging > Cottage / Cabin,,,,
19013,Travel and Transportation > Lodging > Hostel,,,,
19014,Travel and Transportation > Lodging > Hotel,,,,
19015,Travel and Transportation > Lodging > Inn,,,,
19016,Travel and Transportation > Lodging > Lodge,,,,
19017,Travel and Transportation > Lodging > Motel,,,,
19018,Travel and Transportation > Lodging > Resort,,,,
19019,Travel and Transportation > Lodging > Vacation Rental,,,,
19020,Travel and Transportation > Parking,,,,
19021,Travel and Transportation > Pier,,,,
19022,Travel and Transportation > Platform,,,,
19023,Travel and Transportation > Port,,,,
19024,Travel and Transportation > Rest Area,,,,
19025,Travel and Transportation > RV Park,,,,
19026,Travel and Transportation > Toll Booth,,,,
19027,Travel and Transportation > Toll Plaza,,,,
19028,Travel and Transportation > Tourist Information and Service,,,,
19029,Travel and Transportation > Tourist Information and Service > Tour Provider,,,,
19030,Travel and Transportation > Transport Hub,,,,
19031,Travel and Transportation > Transport Hub > Airport,,,,
19032,Travel and Transportation > Transport Hub > Airport > Airfield,,,,
19033,Travel and Transportation > Transport Hub > Airport > Airport Food Court,,,,
19034,Travel and Transportation > Transport Hub > Airport > Airport Gate,,,,
19035,Travel and Transportation > Transport Hub > Airport > Airport Lounge,,,,
19036,Travel and Transportation > Transport Hub > Airport > Airport Service,,,,
19037,Travel and Transportation > Transport Hub > Airport > Airport Terminal,,,,
19038,Travel and Transportation > Transport Hub > Airport > Airport Tram Station,,,,
19039,Travel and Transportation > Transport Hub > Airport > Baggage Claim,,,,
19040,Travel and Transportation > Transport Hub > Airport > International Airport,,,,
19041,Travel and Transportation > Transport Hub > Airport > Private Airport,,,,
19042,Travel and Transportation > Transport Hub > Bus Station,,,,
19043,Travel and Transportation > Transport Hub > Bus Stop,,,,
19044,Travel and Transportation > Transport Hub > Heliport,,,,
19045,Travel and Transportation > Transport Hub > Marine Terminal,,,,
19046,Travel and Transportation > Transport Hub > Metro Station,,,,
19047,Travel and Transportation > Transport Hub > Rail Station,,,,
19048,Travel and Transportation > Transport Hub > Rental Car Location,,,,
19049,Travel and Transportation > Transport Hub > Taxi Stand,,,,
19050,Travel and Transportation > Transport Hub > Tram Station,,,,
19051,Travel and Transportation > Transportation Service,,,,
19052,Travel and Transportation > Transportation Service > Charter Bus,,,,
19053,Travel and Transportation > Transportation Service > Limo / Chauffeur,,,,
19054,Travel and Transportation > Transportation Service > Public Transportation,,,,
19055,Travel and Transportation > Travel Agency,,,,
19056,Travel and Transportation > Travel Lounge,,,,